summonerId,puuid
-JU1fxa6LjxLmb5NhrEgJuIc1XEBtBad-hTYVQlcSkfJ7gg,erZ2yV4IK9np41nIqZW723DLxvHEX5gUlh7SsRhh9nmwMC3oJPCXwU5fSUa5JT4x5PUogPsWioYXXg
59190277,JxV6BjYeh6WOaGkzYAXcKAhXaSNr7jUAUA-jWj9M4e9F4B9kt-5SdeSN1b71yMUZt8CcZ0KwMCJpvg
60xVkxSxTe6Sx0xCGJagPmn3PBHoRccPc4uPuN45Ydn6uMY,JxV6BjYeh6WOaGkzYAXcKAhXaSNr7jUAUA-jWj9M4e9F4B9kt-5SdeSN1b71yMUZt8CcZ0KwMCJpvg
7sVrlGc6IkabhJVqcQFi5b6twOVzwdPUBfAvrQkTx62KwZ8,EKRwLAaPr9CJaiQJhXOQd2s_rgnO6mSHEX9f1FhCCK5VkW2WapPWm2Ez8iJGjFo4Pn2v18Bhd9qrNA
NTZ-CjQ_CVTXUJSs48y5eEkq8_vYRjV1VQXPAcHrBNNf6vZx6VDvQw5AyQ,idbA52rq35IK-0d_MuybKPBiBdnwNG3PP7TBhp8WfZ6JzenTVkA7WIWnKqgFzG8Z0fkgbZx9S4AQeA
CoiWrPEtqy725nN8j2J6mIMy6kwgOozrgDK4vNfADrUvh62gtdWTgpfQfw,si-MkCmcXC1sw5WA1OIqgT5pgThMtnvFoHSg_c_reZF3bM_C124H50SNvMaysGqlytE_dLAsw7u3LA
P-Jy26-7ty836GlDwRN6eAHM7X3l4PXyZ_qQkjr5IqISQ17xvY44S2dOcg,9fi0XxRJPLQ-S6Ayqr0CHhsgHKJ6WVR9Wn0PTuE-Z1ZIXlHMy_RiROZSNamAuzHaDSFHNx2IkeZA6g
FVmB-Xp7I9d_gFvXPyWwayQF3df70FC1eKwG-cVE-DjBTQMr-P8Caiq0wg,ECPwWQ-Frka8Al02_jsb0iQHdlV7t3BAjZXoL6NFWLroMNDFecWXvjUZ7EjSyaOewFza6A2_nWEUng
8toSEaKxLTwIZN2-gLWylEi3IDsuA-lEl3to9Agm-x0XiO4byiGhgRoKWQ,oZ2hiSh92G7QkTmlTqt3W6A7EtUZJsrRHKw7YKUmOOTIDDrAJAYpro96RwEuyE5el2-FPnunCytn4A
VC1s4HkRuwbiNpkEv77KrKjzd1rhIiaEfCCLpcaEug1n9QU,-ggEYdvC7G_51NKlk15ueu1Oydllaojkg5J6wfVeJC-WVAsx-esiWG1-qTIIPKFGHqSb84NEhilfRQ
4Jec6VJHZJPftdPGp5aJA00gqDt6ufgy7jFqtsNpyg-HOITUZd0uFxYcog,JBX0d69ZrQcXqRWj7TZmuPceMIHHRSFIQgVhZYSq5L0GSFiO2eG2a_9aQu9F8VG_6XBD3EWnMwHApA
3101569294411584,JBX0d69ZrQcXqRWj7TZmuPceMIHHRSFIQgVhZYSq5L0GSFiO2eG2a_9aQu9F8VG_6XBD3EWnMwHApA
mM-d1_ZFf2PRtz_Es3IRSSHLjjQGB6oHNRSKT-02XC6sBspwp2zXMDAunA,eDzQmsNTVwI70XKE5BP3kBRHLzHXhnUS176agMk2xAzKRR27OGAfsH-qCP1RmxzAbhcgHels6MBS_Q
y4q0hgVrEc6uBPzcBcy_Jq_mXzPBw-9jWFSN8w_Te0QbY4I,GvK3Djhe3b9NvcmNQ6ceVzLMz24T6jMchI9qnFKW7X2JKnctaGhPHg_hJBCbLPzUNV5JgnaNHCGG_Q
11800767,GvK3Djhe3b9NvcmNQ6ceVzLMz24T6jMchI9qnFKW7X2JKnctaGhPHg_hJBCbLPzUNV5JgnaNHCGG_Q
n3InvqWSbT6GEINvy1smUIby_iDAhoQ3W2Au3aI6DJJAROnFQrVu45kYGw,6261lwlcn522r0gYmk5VnUYPbYm6Jlgu_JO3BYH8xBuTMAjpYQDrebBn1pfNkxQqfiCcyzxMYnug8Q
2-0xyqZGmDu6nZrk1mKSyMIrJvmtPVtJ-WxqBpmXu7hCv-I,Yi1tePY-w50ALtXKj9K9zLTNMwlcGmNPnv8D1pPWrlWBC7JzhAODR-kupzL8mgCiY09ZJy-e3tnlpA
ELH5UfWhi2qNTVr2Yfp9tFBgsT2XgLkiXWGQSRtHPJjhOzzgv_jjMoBKuw,neZ5hvpnJyedMMkJhihx5dTUU5JLYeMkIRHrV0lmP7zmGdx8waykiUVO8jWSGECNQdAbW1P719xifQ
luwnnrj5c8Jq33GlodOxOQAv1AcvLu93ErmkhCSC1OHqjsb3,mgQ8FWf7TUBkLy3Cl7sWm5qLEFug3Z6Fz4po9ukI3ScgFXeSKzxVT6rgs1nQUNzlE8YJw6zJpLJedQ
YdmKyt2j5mpycHRGXksZ50yCcoj8D2vJ47vGiWMlUgVukIFPTruIXbndhQ,4plpCV_u4dFLNDGJ6oRbgtVQI1gW-yFZVawk02kcmby_YDLOmpnmuFE-Wy1YZ7C44i2NVCJBQICNPw
F0tyWwK6NZj69CV5ZtDtgCFpdbUpr965XsToGmRU0hiUsg,50X-Bm6UUZM36eSwLEmYBDSZ5AwH7zpJWiXzJi184dau3zkPkmK_Xesnsgl1ic1f3eTEoDqcYD-0vg
q3ICj2lDLz3Wr71_IBI1KZbg7Sr_eAWF_c2HI0W90cChv8Q,b80m0F01W1ohUD6MW01JJRFigHuRYHlS42EeCKFomdpGnKXRz-6qeIqoNhRNgHCCFCn1W3eyPVQkUA
qc-2XOzfAgztqP1SgyZsLCKpMvtsXTCyMwiufDQBG1Q1KA,8AVJABz2ogXuQkW5XMr3EkVH16R_fhmWm5liOTPD5CGbD-KzHQD-VLuAyRNqB0yHrbXZk-awvv_yzA
ohB-yyYgYLin-2_lAEBBuhE480160f3OilxnP3AlrEAnycv-PQJjVpyZsQ,OnVH8aSsHjWBgup5NgJ4J0YXUTqR-SVqySR_JLWk_3L51pxvS-FEPHrh_GFiBDrv1PFIihZobX9lBA
3b66G1M87MMCCqR_i7gTExvlRXkz7r-_0OkFi5Yuo-NFtrM,iwa8gyPCoTNr-N19S9nWshI7HsD_41W5pUqrkzKRyLzgVfG307eUg_2mvHK1FfQJKWTYesUr3jC_KA
kZUDpkMWq8KiVarLa37QHLV_eLiRDGg85_znw7j4Q0JwNg,bfjL6s8CoBXUX-XjU3eBScZI3jhvQc_zKBbilSP6t_UAzwkQ2SpaQHTVUezeL5KwuScVks-05RyzMw
SRqW8hEF6ct6XF7U7HrTl3aGi3ZDUgHC_xdTLegFsPSLk-xJd7Pba4_HDg,lAGGOyUm1Z1Z_aGDzGwy1F3-u9TvJDVNto0aWaCfpTNWzOi9nMEXHMuM6hox_4wyvtJ81cyKeRNILg
3nUyv0tvz1Kb2LyWfFDkBTuuK0fpdyLtIbnUeTbkR44_BNpFcXUfOnjZcQ,62PdJVE9-y4ZbwkgQF87E9jGJjzcBH06Uqi9kigr730Lwo-RRr_gZ1oFGGxkFh5m_NwCC-mpo_enCA
NBCYolRkln8SbaHHf0kPHnvYXGSjSq7H6Lmc6uaiYqqxQw,IH-j00kbN6KEUm9Y8hhTfxhwcXSi04t9vF2d9fdkWnOhV_sc7CBfFZ95BFAFtUNun6APRF8wCBcQQg
eAgjnFettsa6oru7HJPRAXump5hjPU3Yd2wR5fmpPvJQpV4,_jklx8uUWd8RQdaTIHh8BfB3xDP9BlCvxlo626gToLwx-W1kX5kcKH8IP3qhxG5Sfce6Tc7J5iMS3g
n-f6XzmY7zfxoVT9sW5B-h4e8POtv4sSCwmPKSLj0zmrPYM,_G8y961mGp3h-8wp9DDpeZdfkYqyoalGEKuqI7B24xO7Pvv4z75W79---Kn2WxlNUEiw54Geqpel5w
kEkOykg7LSkXfYlMwS8zVlEf6378HPYrEei1Lk1e_qjlmrk,3QQndts1bEnq77hNQssFAvQcAVGtZDNiQAt6gD91ufF5uIrGnquOZiZAwN4Gu1vfEdddSwP1-JfDcA
CG5Zz0_GwAHu1oY6Xg22gUzz6e3i7VQSMGtislZTQQYTi8Y,pVQEcB2M_2qjQw_Z2KuOE0bejPw13xLDUB4_CpXiWybwgQE_10bmjFBHanOGPW-7ndLWGEfpiSA7vw
lFrmUY6cj-xZkr2u29pF9saBoxc_Zc8IVKfPrNo7aI9EwfU,Faoza3y7wH2UPRhW_vX6YFPrUMKGuOvtjeYqPDfYjw6rOBazghBGOTTmXnbgmHPgypPVy0b6Znt2sQ
ySoGjCSBO0Sz4MI464NTP-gdhFL9HxoK7e9cSewkccdr5A,fTWNtlJQjM4Fuyzj6xlNaiikHZ26LspKE7okoNis9RkcOFrL-c2Ms_NlSWRZvOjODKWjB7NzS5lsZQ
oWM4zqalCzFbXpZwBkpkHi50af4C62rPEeZA2--pGmBFtVPTDxc8fCgKWw,MC1edWp1FBtMHXWvr9567v3egoUfsek4xt78Tq3vDZ56d7JggR36DhhgfrMEaN5dCIiD6mLMCPwLlw
Zm-zp-fGcWIbksWr5lUMD4rppB-oDhOxG7tzBCJNmpl1CyA,7qDO7t3BJzwqZaRvwRYsb0JccZ9fpvJQnH_zsPl5Z4XGJbZ-WkirJLKegrC7E2kD9qckFC3vhQLkfg
vCTlxaxdxYh9APtX2xq99roQdud3yXB0h5-vQIYLBatYcrZseX1BfKZ1Wg,4LBjWicC5GsHid4NRuUhIdgiolfkCouxt12q5DzSrHQ9_-1OUInYZhs1BrBaxmacTi3A_f5bcsT9og
PMWFeA6z592tyxWDBmyxi6guJd-RIfQUa-MWvS2r4N1VXdw,GVM-Wglea4rxxmx4DZrYRSyh_dJSqq556bEM8S0oekTWKzoEUrB5qj1fcbzgD5NhZz3sof1xqNhQyg
sYYWAGu8yCcSsiI1oUamscRHx7LJ2V5G6nIDe_Dxas8BDV6hh01gQ3zYXg,T-vybrDFcMQgbtXV0-4DkEz2NveSrOIa1wRGDtdF3V7wQuhpou-D6vCETj2CGFkLREDkiOgFNyRoXw
sYYWAGu8yCcSsiI1oUamscRHx7LJ2V5G6nIDe_Dxas8BDV6hh01gQ3zYXg,T-vybrDFcMQgbtXV0-4DkEz2NveSrOIa1wRGDtdF3V7wQuhpou-D6vCETj2CGFkLREDkiOgFNyRoXw
O8KIuLWqDQoQsV5rQ6VR2PLrwpY-gjAOH0j6sBBAgKf1XfjsNKfT0Rd-FQ,PgjMREncMW4p8AppR99cuwiEpcj0bax1mMzPTu4wSSp6h7hCRL-g7Z2aE_AZquVCAySmbasJd0bhmg
7JukAZBv82t-v4HpOaknTQCYFz4ioKhW1ucZXLV7L5XhguU,J9smukYULQ1KkQNYJ8VHkbArqOKgQctbR62MrmnTzsEH_J3FyNAmjPN5VIMsB-UwKdXk9VfWOtXRKQ
3XZ1v7wW09xsqj6jWlboPnEgKOTG9KjWutXeGEQNIVTpZ7tG,_7_AJk1ZeN84RkkcAOdkf-Y_YF9sGbDdKgPfiKQ6U6kqeRJF8N_MddOCzseGg9-usi90grA_k0nL6w
4e5wTdx1dkTOjWoaPRESbMDMP-h6Mjv46veSw1dWFBwEJoE,kDekviAuBOeMYml2DRCccUZeLNGBmRJ91A3nIZyv7qHo9W4KkXyOGo7rp4_crX_E0Vs3MJAmHLR4sA
me31aFyA6cKS6HHlSM-O4UcI1baPxeSEzlaYxdHQeqdty5SgNt3ZuhukQg,TdrGEyEv5mgaPNDoyxfqI4GbgAjk7k8uTGWexFN2y4tvslZcMxKxX0Bbn_pBA8k6gzrYA0lKCIqEWA
B7WI6l1XgNtJoXXyDd16-_iDzYgHMQpJOF_Y8GJBFT2iI3wAZbc0gJrMoQ,hOBoiStlaBz9xnUIhZaiGU6o7Emm1LcAX8ISRG45BE7hXkskOY92hYxqblak-LLw6nv1YOoyGD256A
p6g7IXNzBag_bzZEOS7LFha4sy-8GepLe0MWmwfeH1Nue8U,932VSLAOfAIwqHPJbH7Qx_G8oVGq7tDBYZZZfTCwUxnAW5o0yePA4hWiHIEYeNiB_rIcTt3cnaT_Lg
49250419,cBCU2KhNpzlNovDdkxx6KmidVWRSorlK5o1zYo6mlzpxmdXTO44GVWQpDnTiwTd6xl1JtDSl45jHPA
pK267ON5Utn4hBtHvI3q4baphvogLKii7cblDykQ6oiBxu8,cBCU2KhNpzlNovDdkxx6KmidVWRSorlK5o1zYo6mlzpxmdXTO44GVWQpDnTiwTd6xl1JtDSl45jHPA
GmLU69GzBst7oezsyT3aI0whDfecAaqvfwXEyX35JUjyNNw,UWN8ZoAWVWAyAQDj1ByOJLb97bA_loHQi50laYrpYU3x_J9xIDUw_EizdzLxjuqN4WeBcjgIHvHrGQ
0qGExI4mDLAEhok70ApqvXC2u2C6Rg3L3tFQ-1OHQlJii-s0TYnO9ZIpAw,4-AB_covJlJ-8tYd81qpJHfOKAiRWZNo592L7XzBmFJTo9AAJAaR5NGaE6ktM5TKFyxN_GzQ48qEkQ
eIQwkJqq19RenOrlSaIZTJ0GUrj8wNFpnVoxxUA8VKsbeQ,_l62d1kD2T3TRrkoK-JGnL286z72NgkHf_RIMqRPFE0Sa3F-TGk3NaFQAprpR_LiO_4EF_5hgox_OQ
AfluqGGctiIHW0H0vqnjrhN1UcYllEi-Hv-i8IkXz5kKOkg,iwQpAqM7ABjWsKdHk5CJ6xGr0XorRuTb0Cxy-ob8xlA4_tjJ59nTJR41gBu8Sthgl6dUWgAXvlmhkA
2Qsgs9163-LzmBIfQjUlHWyITUUUTSxU5XPqFXQFhMUy_1E,7bTerNe1FFUDmvd1xa8l8cEbZiw77jjLSryBhYQd7DpiQeDT0czRg04QIbSX-bdzn_rKlUEsuqOj4w
6LkHNw_C3BNvqjGyb1NJw11KOJZLqnRf86e8i61SZiAjgM8,HUFVKapAC3GWu5Eh3CanPp5OnDvqfzZtJBmj3cOxLuoIR6oSds3vZ4LKhcQzzrK62jy4TIC2O9N3YQ
60671362,HUFVKapAC3GWu5Eh3CanPp5OnDvqfzZtJBmj3cOxLuoIR6oSds3vZ4LKhcQzzrK62jy4TIC2O9N3YQ
VbxBx9mtHm-N4UOICK4HJ8MzlPDHreLx2zjxiZMMFL3GtjsgRWorL7vKcw,KDUG8Bs_bGYdb1uAAUzhSZl6VhP849jPZ_2OhocYCVIibQ3VIwX-N_pCEsfeDSzwfWhRaIt9wEE4ig
06ThMrQGOKmK1824vrK8qSI9HIBVXpMvoO5tsag_h3JVg5E,hfcEqXrj-2CTEoHvEbjJH4EWDWMg-e8k2rugVgM-nzZP1GhpCvWqnOHb8PAN0Hithg46LplDi8Hq9w
hMJUhZS2vkoCgtc69wFMxS6ywnWoTN22fgUvQqTJoz40HC8,qZmct6HGSiiQCj9lEeGnzpxJA_rZNEw_bcnR8h7et0HKbjueEmUag1BP-juOR3oX_rdY4x5MPLFT1Q
cTvsw81lApCILQ8tBQqk8-jht65IUXBlh81wVXETXwMsmw,h92y8aNHiQGCrO0ZfPiQnUvQ0nz78wSqdlmWPfuZjda2dllmlk-T-rDQQxvMCeGdt-M4QmpCgsXC6A
j4zfy5f_6bUcxx2ggQgrQjYFULLA1LJBqCB4wRERkiRXmv4,xNfXLZ2hgDN_36Ed3bTa9g5P8Q0ot83QYArw1Lw_b3x85Mie6SVMWeiFWNToTZk2GMswEK1mh7Lakw
hK4BX8pc5rT1RHCIrVmKeZw6F0u2xKRIJRisKner2RNe1p8,ce3TtmKwiyG8cXEp3ERmKO3QdwmsThFR36XUMXQQSjaJeTInDEfDSwbKca1LJTz2XRMucldIkMRbBg
8XVzNM-XWddRJRUNkBwSPSfO4OTqQJnB4AqKFWIC0mmoctM,I3AN_EHR5kRTWnZ9BTzNj4HJYEJyUl5Hc5yNt-5poMN30SIOOdzar89Yfr6xGEuTtS8_A6Wpou0wdg
8XVzNM-XWddRJRUNkBwSPSfO4OTqQJnB4AqKFWIC0mmoctM,I3AN_EHR5kRTWnZ9BTzNj4HJYEJyUl5Hc5yNt-5poMN30SIOOdzar89Yfr6xGEuTtS8_A6Wpou0wdg
cjGAQ4erz_SlLNC3HaYTT9M9W9s8eJH3v4qOZ83nzd0iKVc,HG1Bp2hcv_6v3aoGvdXCFjL0lSAbxOvl8YE_8NBvo_YuICf87H29DnBwraI0CqrYDqbFp3xs--yKxw
xwFZpxlW9R7izTjowDynrjL1EL8Eql0VTdBjGK62C2oLXO8JpW8wBw1eQg,gLJ_71ILVhpNGXAPdvrGcs7mukry3sBu-iTc5jeWCiHeTgtwQK4eD406xH5S_I_S_9FoiPW6EHltpw
fF0BqYjmOslJH_UfBN1DJzDNI0e3w9QeF5YUGkV-nwziBj2NMdufx1Kivw,ReIzh4WZ92SqQjgE-6erz0skPpPGIaEppusxrDJwPR7zSQegAbvPEvZLrJDs0uvZVbEBmwg8Az_-ZQ
Ywh7ZnQyoQHP2EFvPftHDTrVUAqaS2iITwQ1rbKAVKhP9w,jTVM7gECL8Q0Zv7cDQ4bHXHd78JjhXm4fbsuTmpAC1XsZCAczupMaSG-V0RRhIJLp_YToFPvoMnEpQ
vID6iM3ilMezpsPwLJkG3-YoKznfKOhipW0PUIj152UwUX0,8j7BlzoViG6s8FzWxFYagh_nuia4KxzjbfvaUypVCWBozYcD58jalISWGoesMXxaW-Vt8KGgX4zELA
6I0yAPssG6xCxwGRtLyj9MDO_JGmDBypq_e405gGxpFXZQ,4Z-fVi8it02GiRTn_n_oz5QXPtpAUcNFrQkQcSdrSsHziejdJ4HbwzY3vUub08HmVeTYP5ulG55PQQ
rX9uWclEAZZgczh1OV_Dy-eq5hRegkSxpVuTiZW-J-pIri7nFY-lWlvHWQ,DEKxlf8IZu1ekJAsvKeYZXrbf72u1dfu34tiXjHTS-pUmodVRM06wOG1KKAKhcoBLtw28vVvevcUrg
9-dfpg4zaPdbOAkNDJJg8k8h3_0dwWclOs6PVcXCj6h8K6t5ImzHWCJH8g,uodkYU3mLVNauSLWSxNBpM6a5Y9Qns5O0R-BOsnt9CPR6xKl0vWTRVTW0S5c7yxYH8de0Oo1G3yK3A
V8dUJbeKiuoossS4nR3cegVHws5-ptYOgQMCnSCRvnIHhkA,IcqYa91u4ygHeJeTEjf0ougHP6OHF-pi0bnSAsqgsYXqIS2McKQB6JOZgn2zW7SEdw_Z8AvhCeZDrQ
rUHIaCWnEKi4AJJuua3EXSv4z4F7zkg4Z8qirMcf-iBE1BXA7cvnZdwCdw,C8xoWl1am35guWVRA-78rdBdB-CCnV8PkUJKygzTsQ85ZHZ-Pb8Hyd4v3RlD7eMLQiN0yPqiEhKTqw
sRTUuROo2HNZx7IgTh3RYjid0RNP7CSjPrQLlGy4rkqZAp0,mh6SH4Xe3-X7sAgJzH5j0qvCrouaH1DsokIdMLM2j2vS-mj2Ts_7yUSrbmJoMCiEJ-9L4rMM4F2jQA
lVgttL9evG9ijn43tr90s3glgS9DItxW_CFEWmNeXE6e-Ww,CzFp4mlRChIHcSz2WJvLR_mTyBEnuIQFllw2nW4KnU8CL3Bkp-vSt4zaLmru1mvC34i-qO8Dvl44ow
iYSuanC1b7KAZ_ptlJ4kb2Ewn8NRtQ0yCdb9nImGyH_NHP1tsZ2YDqDkVQ,Dd55TytDZM5uI195RBJSx7LCtDmjRFfEWbi05PvnS7-LJYJ5tFP5umFznXbpNAyy33yxPQXtpKjaPQ
xK_TyfkWy3zuR-ORTrbTluPhz00YN8VNQdGozMAUOopxZuQX,iwqQiaRPtyILaMZGnhTDg5lJwvA_D_YT9K_2NfNQognS4Cql-Gbfl9tKnG6DeJZoHxYyNBpp68xjrQ
2938812420441632,a90og9HYPFMEsdrHzz94RJtPZKhdz1jdUIg5O3LK6QtQm8b4gW6GlFISoDZNaD_SuvNpZGv3U_6YxA
AVblzreJymtZNVajJKgJYhqsToYNIoPKVp0t5dLIC4ZRYrc6qDZoLrONNQ,a90og9HYPFMEsdrHzz94RJtPZKhdz1jdUIg5O3LK6QtQm8b4gW6GlFISoDZNaD_SuvNpZGv3U_6YxA
k_suXnKh8z4rnrYgJXHq_IW-tWffSuAReigyzofPYpW7yQg,dbzlbAQlIXwOo7w7zByNaAJADn4PjVqWTGIHHcpGCQ1bJ8V9WWoRDzsxCTbNtuGzoHkqQohQk4GC2Q
SR3d1YQCxP3jyeZD2A-jkGKY7docRv_SmM-iWYOn1KYelFyNFVyvdwc-1w,ndPqD3Ce_DXhd_hskWCRFNmLQCowxj1E7B5lFtWH76P8XB-QzDyq2LhBi3udVFVbq0T-GaLPOZIYvw
Vgt5JSewop-9FxK1VAF30T67Ih3G24N3Ov8BUW1T7Uy0VQ,ksudWz9BzZX5Cra0krWpDe0OcGGavE2uNWdCwMIkQHEpl3MIX2ecQzZtlBRhVsaDryTIr7i66433Hw
h5nj1QVgJ0A6Ac6cfScQWHLhn17NPo-X0pxNelP7BygIsnBvZtUhWq4-Pg,88o8rl7aWhrlNgc0vOyeg7yJ84hkeFKJjawKqst8L3eGVYSj-q8uUaSYVcz5xpKnpBAJ8ZdHgOesiw
uGcUfiCb9jUQmBeKNMPzHeFQcul6Mim74oTQX9f-p-7zdOJG-2GW_g4tag,49aZwkCp_T-xTMw1knF8MMoZnBp9KnUe8UJuNA4oFXlvvcvDZpxy1V51N4C74lYF0tIMD5P1ysuvfQ
po0qf1W3Mq6wLuonDTdTijCwUpQvfUwrl2CTmvKvm5qHKtprRSKkknMrlA,bwrhM69TFg-iiqjC2wXwAActppr7ppy47YuxCaxzoeT72PGcFWfA5TVYOSZ3DjWIBFbqSiORmD8FlQ
tWSQUEGNqL3heSJp2DXQubxjBqbRmLxETw1BS85SfRgT0HGj8p-XkEWjZw,6Gu0AXn2dzfFYerZTS32hZOZj5GtMcLMNS-I-mItIn7wtf_v5CFJ47CMCK4opwy5Z3R1N22VUmIryA
jCR0Jq-N8J7ofpuaOAGLviuBQ-pgP_ejAm_7T1uhDEIeudzdvyNNMVGzNQ,5padnvkoeHr_j4WLfcW07Bg3DPVz2bqukU_uLRJh6FWr790YTCOZPEW6ZBu3npAVRS1Go6Qtw43w3A
61Q9stBspDEnAhJ3OUkOWMHbQ2Pm-askJzbLKUejovhZKUg,73mcREAkSF3gMs-XIvsLD833Nz7Qo-y2Y9RWVS6kb1E6xjKh1A7MXTYn6kIOeFE9Pzb28iOhNOqHSQ
PDJVH_z218PBxO-rbH7-_R_bYJxNXNaBIPcORMC1Kgpaff8,GNvMWyeFmLnJUx66mIUy9gAau4VJGWfdsbPd4_IPDnqv93ETeVP2z4al28lCRQk5qou3fQwIBT76Hg
nOzSjTMRJDNbLG5XLjH4HMafzMlEjg-7gmFeQ188KNyG9Uc,b6-5Wy3M3U3KY9fjUswOK-DP6b4Qj5T8q9-7tY2_wSVr7hHe0H6-CC4w4ctnp-trYsthuPRrWVmuLg
10p-ig2Pff2OOPRSG4wlxYZQhQKIp-Pr2UzJf2HOzaeQsMg,DVwWDjbwyIayTZG_VtCgiKQ-CXge8jY5nboY4g7_lMJVeTHvTMiBAGwgH6WKyjvd-tClM5tTohUhjA
GjplWb9G82tmb5ge8SWB47-WkXm3YzmwXbVQJ_csG3IViA,DljtYEoo0I8YRz15tf4RwA4KX3un5pUG83cM4KfKjVsJyLWjhryVQgaXyzcGfesoS25WAu5gkkXIdw
CC8j41IZBC_r3Eu_CRHcmGrCS6ol63ekkYrsOcvkh5sYUb9c,SrL7AbF9mA32YzIv9q0u7KM_sZX-_r2FbNKrIlvT5o1q1ND1ZvKC3tnZeDDb5lCpGepwCLHXuZhsPA
13994069,zFivasbWlSsAXeqyjSnFJt-drdLOJDwsxdQXBjrpK2Gju3ThQ-i6ByOWSXEdcCAXPYHgAM84bmYWwg
z2gs5yiDDLIyoMNwhMHO4__IzFrDpz-r6j9ufKobUWoDEQU,zFivasbWlSsAXeqyjSnFJt-drdLOJDwsxdQXBjrpK2Gju3ThQ-i6ByOWSXEdcCAXPYHgAM84bmYWwg
4BH40rZlyGbCRmzOoWznRjx83sJ7tOlWbRJhrGU6Ii_XYvE,giQoNGyxBAhZ5_fI2cyQkLomlTcQqLJha77-fqtCzcsMZFoW_W0tyr_-ng5D-rkdzaa977BU0XEygw
srVdPlg5qUUr2V-cwQhq7YB8nnX0-gGK3V4x_LcPlxP4RZDX1RsICVVFZA,DjcQh-R54ztGVzLOBuBIb8J47oB2UgNr6UGlTMtjlwL0x1sPuN-mGE3ZElol9hY9kpeHHK2FP-in4w
h8x-K5yG3FgI3ZWAsNJVTqj3sqvmqhJ_15K6RKIofy9A7qo,gs3l-2lHCAod2-LSnwKvanr7EMFL8YkKS4dvyenT0AX7PhqES9iYIgWN9CnnMKv1iVlCj29mUzaCng
F5LlMKYJg3uxjMndvOdlaBUAiQJBR2udJpHQQNBEWQit-Wcbz1_yiEFUZA,k2KmLvzWqICgyHnUp0Xlug4Xqn6Fua1pbc9dDBuCl_qxgqROdUXvfqQGMqxyvNiQ1vTveFBOkypyzw
88440813,XCWZT7n5_Qkz9pF25H9RKT7efSw0kZd6O9CctcuNqQmqCFkSB8ErrVJgMYEzcUOO6RgxxHFGZR4Frw
4lGYRoECf9bNEEUjd7_2wfGaUvy2cfdTWSA_pFpumoaVRzA,XCWZT7n5_Qkz9pF25H9RKT7efSw0kZd6O9CctcuNqQmqCFkSB8ErrVJgMYEzcUOO6RgxxHFGZR4Frw
xLaCEn1_RikxZ3aNM3ZuMHlxybGnSQsdDHo0VyzmjbNsiSqQjg8zsHWDoQ,_eSfo96LbhjBh_qQK9BhJnUR13iK6Zzt-RPTvWY_PCgPWrRMkigYQE5F-doKp3uzdvku95oz9RZ6TQ
3gnp7AV7L-W0LLcrzajs_PVkdHB_GvBS6fXfxVWRPdSfB9txIeKFjUlWEw,mBT0-z0d79i8znWzxZSYW9U5s0MIuvGIFnkv3_Ax45VjR2a3drgm-HTLJJWz3wHRORXWZN-dFB-iLA
blI8KwcA_FGQ9JOMb8lz37Wga5hZdQw7PBX2IboCvpqfnvA,3JcAUHyLLR2CJ3y63KzmTyElXlRE9XMo02GEcmmG9YiFiGUK0EyrlqCkUUfLW_QC2fm6Bth2HuWBvA
_hoXgDX2FovOlMr2v5G-_rZmfAhdiTytFP_l3_9Q2jFcnnAszxvKZdEFyw,NS22ldUI5PXIkpzEzDRGY21VQFh-YNmABufrGbXJP1RWuN6pshQgW-sWPBhJvmvYx37TJa70EGfbfA
JDf3SiekX6vBbDsA2ay_eHBW7lz1OP5O0xO7eQToL6QEXos,WRpJ_HhXQC02DQkBJaHE-3CxOFL6MMsw3T9Cet3YLrcSC3Jh0xghxG6opbX-gZ0IwG_ZBJUquzsYRQ
jANbLTrOAwTnrqyDT2VgvTkJ0PNvF5eFgPPh-5jF2nbLZA,xPdzDzjLYs0R1DVbx89PFl6R1xS847kArSopz6TCZ_1kU5ASbbgQ75_HgUY2_CX04qKoG4bcSw4cbA
zeTOuyF_DJTfHFxA0evEs2MhZHX4yC62Jjoe89CAdBJules,4ogyoxdMt2UFUprJu-Roc4TEle6TMoY0pywplfE21iBhU4nyqHJNMFzPuIWt6Z-ltJ2HWEsJdwcrKg
G8kATTPZiqKduwcMFBb7liOkKE_-3t5VaXKFrQP37ZZ7tTaLLnMbaJ4V4g,y9s20N1VbCinpowWKjzcD_WyhvuBVF93Vx1UVPIPkCMDuj8WMiMfCIXYur7mUtOQ7Bmkc2j9NGZP2A
z36K1I6vxfwXBc1rQmm3It0F9yGKqJ0MHT18w1oNLp05upg,FOIBY5QBt0XmK5JpLogOVRfSDEhpaPKqfeth8LD63p8-3QrvJmeD2_s4Ti-Kzx36YMnXbWwwkzcKVg
1p4xahwyJVHchxJsqw8Lyh_kI20CVb1wrL9AvB_gpWoNDw,pw4hMYQtgz2XICC9u3VmmOdcJSKqcaC5SGNnywJzfDGgSG4CxXoN1kdUXgrAFb3QQ812XQNxq-D7lQ
fLwG8n_SMj0Ot7rsF29RYGD-KxUjKlTmAhp7jkxdWFbSJ80,8NOEi_wLChWMLrdm_EmxiHcoY-NXgTVOfMESLroRxTFXnHLcHOxUM5NK_5hWtjDBtT1tEnGZjlRi7g
NgqWVUYIO0tp5xsI2V1OAY0SdBmSQhT3x-qiV7ZLUugECg4,fVHUT4NCxvwB8S6qJqDBJ3Ab-NmFJiG0IWWbFs-DljQt5GApExfPeT-3nNZZWIAAq8OJS8r9c3wtpA
2LWmFJjEWjsBsLD7O2ZRqjg6FTGqyyir_K6_h9Rto9km9bM,6PCFdMZvEjBzwaRJHy6pU5RzXaz-e5ZY5bsECf9DSMyQr6rcJfYaMIDW3F7iGsYsuElyB4ZA5VCduQ
E3hCxWO_EN3RDlkpL5V3arj-lDFnILzo_dv297d_hcPSx2lzKagWhDKddg,pwLubzC85OP3DKOmZpQyurVeyRS-UOMvBb2XuMLLlCS5bENweEh1ciPBT3FRinjJykQuBCWkl3pIow
iZyV3fAW4urgtbqgs1FfKO6Dgirpgc5SQBl0PVpEL-Rywpr4h5b0pG9-3g,oMtSjbqH8_N6_aiREpO90ivGZ6Cwdm96NS23DJqCshUdbVkkug8-GKL8GgSN5oJgNNCLOx4oWnFt3Q
IKPFmEUzHmsUtwtqVlH3urnsUANgtsO2SgjMcQkCaMbAT7o,xVdejeeCDd_-mlU8vTKhXosaj_8e72wfxfUNHfZRSnTMcuX8EJagwvUMkgtwh6xi-64R8TW8jAblXw
GgolgCdn_Ht3Xn8lCqlrW3LTKXX7AZeL8oL-iSw6UTKszp5gg5OTRM3dig,9mGrhlkTz0qyXsGtuOhm9rEZypeexw5jlVT6GWcbkRDEMZD7ev9A06OaSkB58Hs4gGvpYhk0_08yGg
ZmRYMAJhO3TIs18qwLyIBd2Yv1K7wn2baeYnzivn_IUgsrpbHxa9A5AHBQ,mfHQZmRDRx2oEByHRoUy3YnZjbqKyzc4Grvja4_8jg401mk7WB4L91wWaKcGorijfULjdFbdjcVRfg
Wcgi5a3gGNdEqD8DyfnivsM5JV0ABP97ylvgBKlQQT1j5vI,-Mt2_JUIkAv4ImvSJzPvenHehDdVT7z7mOrrSwmeD13zGMb24aWNQPK2mNi61CjlRJd2sLR2HltC0A
zlF7TTyx01Nycm7vizb9j8ArghFoL4-HugsMFOpI-Oa0olQ,mtBfEoDIHo96TGsYzbr2KQzFLR_orju5UCiMZZzq0J0YRBjT1bwHlcsiF2dbDeVazdiB1HRixMCYNw
E0ZIwh8oUl7nvv1X7SooRHtN1Z8W9YpdeFZ-GbAaRg8RjSg,RRwuJEs5ZZn9X_VOeisEKZoU1DXDYHsoFN3Auz4yzzlsZLZ0MD0nGrl-Ro7azhsYN60HpPoXHYhbFQ
55091887,RRwuJEs5ZZn9X_VOeisEKZoU1DXDYHsoFN3Auz4yzzlsZLZ0MD0nGrl-Ro7azhsYN60HpPoXHYhbFQ
-4CIFe083vb4hPRE1Sfu49YdCS0Wv8jz0Z3Z3-dsx7aizkOUOPlfzXpFJg,pKKRgrXE5q7vz-LSeHcg5EPH6U6MyeD2NHy8__eHntY2HgNlzBNMvvGd9sML4wFslqseVw1qbO_1jw
2824244783884064,kLwoHqDGhWH657YWMtSMtC599YYrJHzw-gVxjPMdiZ_kHQu7NlGlvGVZYw4Bi2Yb7XQNBDNswiK2pw
wthHSq3BrhXH3a9M2CY1f0kEoFFp3BYVqfrjY5NgIJF5VdnsRJ5XdZw_6Q,kLwoHqDGhWH657YWMtSMtC599YYrJHzw-gVxjPMdiZ_kHQu7NlGlvGVZYw4Bi2Yb7XQNBDNswiK2pw
88500263,QcnBoiCRbHVcbJHsOkQsvSQrhZcNDqYeiQYa4RDm7isZ6R5Pjhl9JG5dLtQzWsMxzxDmUMM8q_Ewqg
kkUKRZu9eXs8lJy1UllPq8kFxytQs10R8UpdBEPsGNBtcWA,QcnBoiCRbHVcbJHsOkQsvSQrhZcNDqYeiQYa4RDm7isZ6R5Pjhl9JG5dLtQzWsMxzxDmUMM8q_Ewqg
K8vfo9x5mpcqL15SEm7ErKyMBTdQMwabeRhjiFE6PTwcUPc,xdVMwO3znyiT7LFOqYI-QLOfi4yDT4N1x8yiClhnl-Z_ePc9-jOO9-z_WQ9MW2aXGkEQ3TwRTyBjWg
EUMne_EtXaMvqSL5cKkv-1o5umKWhkx8SMcRtR3YfYDPdsJtIDs5qEETOw,E6ixJXKxunwYHxalXDJOTAc1WmAiLFocbBN5jRwL4BOKIVNHQUsTMgMMMTdWOLOvzEoocFerSnVoZQ
Sd-V2Avw5UX9tk_1YERj6VxRt9Tjq5oYW_OeLkEUY9SrpQY,YOVj5uSsRsHDfDDBN0-uIKGmLKdvEqGCVdMf6oaAJuTChmO-dHtNh9a_ZSWE_x8bd_5a_AiJzd9OKA
F0lfjzADfkmm8N886HrK0y6uQaEifxGu9jfajDDzC_8-6KBn8AxEpIvBlw,o1fgiM0oZZr-LAwoAbyK2cQIDJFhiPnG6t6NlnLvRqQ5Gcn4kyM4-KeWp_JL3p6zLkTV2aTWfrY60w
G7-tXbNT5ENs2t94ZEVCy053VgZzpiTcY5Eqxh55HZzs-Ik,dsMFUYSRqpk10TBiROMjKSJOHL_XVDPQJguD-3JZxUHqL5-RTSN22-M4S_-LaNf6M4aDFq_71quaAA
KGJRgd9ulQyJF8wBPDOg-MG2vc08ZSF4KW9nTS3hU9sayNeTYEY-6LIHvQ,GmFvmC-ssQwe1hJIBl5rpq4l6bZQ3BlqmCxRnGE0sXD-fxFxccHqkRsmdmK7wnN5TlXWMW1HjwQmUg
Y1dRgGhS3JQIlM-xSP9MtIdgeEs4ce2Ar-q_TnIxPHO53g,atPzS4-POLivt6TFHpNlw11TZHfoo8TZ2R5EzybXaGp6T2vvuvuU0LhKWQC3FMeuo94HxJTYJ8zzVg
R5-bELgc0c7s47sKKZf4aBBcAUo4d3y6F3ZgR3EPGB6Jlzb1HQ3sg_p2vA,36jvnGw5rGaEETfcpMS-G9alru7eRPDduBe4Y9c8doeLBBJNN3nrAHoR6m7iSV8mvF85YWLLwQdshw
29950558,oDzQY3z0Ka5psk7FVePsyTtDLeMuWM_7RbtIfz24J3ASk08Gbs9nxzWWG3TpJ8leq_ty8ptjokZKbw
B3lJ6sOMFwORtopn_lsv63K0GwVqTJAZWTCebyMEXk4UF1c,oDzQY3z0Ka5psk7FVePsyTtDLeMuWM_7RbtIfz24J3ASk08Gbs9nxzWWG3TpJ8leq_ty8ptjokZKbw
EfNcPeR7EvGZvkiJVnl0Dh8hwsSo509trhro4fDXuSgr8NvhhONQKJy8vw,eAcDis-ev3X7-7DiDBzs5BGXkIQs51K-mDeFyZ1T1CuuMz_VLGUy_vHvevPLTBL6S1i_s_4jGs_hoA
rq4JKxSkcRmEa_vETOaV7AAXhRr1iZtzeLkDxSmc7mJEbnWg,aQFYdSLzUTMFuBLIqkM_QCydUvAzMVcjEIWTLcjfcaajdynh1tMKOXwdWCYy_br-_GRz_hka1bC-JA
100540436,aQFYdSLzUTMFuBLIqkM_QCydUvAzMVcjEIWTLcjfcaajdynh1tMKOXwdWCYy_br-_GRz_hka1bC-JA
grWPZezdy4WTE99VA_sVFITUBhGupOVIDq-W3shnHj4VJyk,YScmsNH7zFqnXjAfwJOteXX-IdYah8vG9jhS_Qlyj6kA2I1bsXa116VlZo7-05UivenRLNZ7y2Fe3Q
vUmql_1xPgdclz7I7pZcM_6YPbMLy1q_MyJ4MNhDvXu98yLQdObhk4WMZg,194krd-JNTzF9GSqLRmUnvh-uPu0aXPbmoVPHYutrknKE_9ct6EPQZGRB1Jp1D0opjg7N3CPx8mp7w
6iYVhXtDJNLZaOJhODVbjIBf99fuguMPdT5cS9AWa9x5mw,xRFydScdRsWZRUdmrTtNU7vSSC30Jp2eh_-eo0fmuUHl6UgulFOJaxUK1_iyJKEXK4LhyDf8AeiHkA
6002761,hp0VJABm0sI6LVIt8JnirCUn_FZLbttqaEBKa_69-4wWO23z4bGQUEs69KWbOpB3U5X0Fdk1raiNwQ
bGIhhrat6fdMabQ2jFTm6s3qoGQdcts0VZc9zQQVl1N4vQ,hp0VJABm0sI6LVIt8JnirCUn_FZLbttqaEBKa_69-4wWO23z4bGQUEs69KWbOpB3U5X0Fdk1raiNwQ
AxIAI-QLw32H-r4SbMuma5UI6irKIe5AOZNZfl4S-ONPiqEPwId9SYTS2A,S2bQYvYoKz5kwNW_E-5a__kQ4mH_k58PiKffCgiOB5PuphiodKGGNUXdKK_MXo0_F8cxRAbAMErLMw
6qzpbM4NwUOT4J9ZfMIIx_7BhtLpoRyWOhwmeTJalPEXJg,lYWgMAvHk2LaTwpQ1QXCM_pqTqOOPSObL8SbEXB3txaBS-1z48wP7onLL3hHjscBIN5O-YX8sC6bGA
AyjUQhV6evfjPSvv88t5Bz6WKSz4Xw3Icz2NI1TB9y7z1wI,xs1LjAB4Z0k5uCPHAsZN-szKfBm1Wo2EUjG-WFmlAmeGwss7onyQDUrQ2vd8GnGVLywzkPLJYlv9Jw
uSR1XEObpCX4FDOyv5j6nYwcNdKTr24PG9kshv9l6yYbVQ,7L81eY68HRW06gtH-cx-Zwip2MDclS7x8NQxf4qYWDH4ehDiPDQ2RBsHC3Kfa6VVajaGVwHKLfV43w
e2Yz3JEzbdexcCHMhvn_xTSkZUZzpQsX4aDgGviPvEpBRUI,6l8vMTszIGwdWr0YviX_TdEMZb8rRKFd1LB-uK0_k_SVXdI_6rEWoRg2S6GBodDLFzVSbd6hs_RGdQ
9GNm3XehdSbZhY6lsDEl-pfdspViLLFZDVI52RJ-ZkAAXX8vLALSw9WSKg,lYDa6O1_MvWTGdGe1E23GkmvdcMkOvhZnIb948SLRkMWnbsC--D5o5VtP4fUCLYwp6-1loLfwGtYKA
TgrURzP61ikOE6DYHCNKqae0J5beUfNZm-DiLrHHGxA4NQ,36lIABE-gpRwv2moW8htZRTwpaTj3iQVu-aY4e1rTHdgR1ry2npVrgBhXJKajCpYccje2jiUxQaGJg
-GZqwefXPZXIawp7JSMeXEidRXAZwiAwUr1C8ShZlWUvl5A,q7tXh3jBpSV3akkD8Auo5qEm3sn1EzeMVmRcDFI2kH5bCXK9lkk8kS5QjIp-yDkBi-LxB_s8mfa8pw
drrU8c32yJD7KGIbVLSS6UzW1FzFOQw03ZEDeBMBsqDGVdlpkmWEprLShA,q2XrQi1AelKb_vu1PRTuF-MRhFs2UqKDCTJhLSbtzKk_1Ym282OLHC8nRB-IBY8xkFSzM8gKTiJovg
r9RRjz_s3_cG7XVcD3ElICaGM0UfPKWM-9He12m9GIsgnZw,Kg-PPDncVdtOOp3_jIMKx_oHf_eg30gmKWqook7ZD2lo_aluEIKUn4-eogVE7g375q72Kj689UqhWA
lteiwDYRka7oW4see4TG1ujjNYfP3uN5ivwfF-RQ-Vz9oZrj,MwJtAaUU2IrSmiSG10WrmT3QAGDZByIRoZufdaTe2oIsjAf3Dhci_4u1S0S9DN-S-3zShE8jxSW1Qg
2818760155546880,C8IlJNqTnwH_hpHK7EMheg8W2a4Pg0g2k_WLwxGr5mOjdcZlIHDNuEv5Pgupl5bV-zgCM6fj8yXf3w
D2oHdpvy4P6MnkzUnyPU75gu5nsvE5yb7sOiDI_3_dHnMUNi4McinsNGQg,C8IlJNqTnwH_hpHK7EMheg8W2a4Pg0g2k_WLwxGr5mOjdcZlIHDNuEv5Pgupl5bV-zgCM6fj8yXf3w
woy95U779BOQjLVCUsXiIBgkGgP7dt7CMq26KNqIcpW15Y7_r7uZd026rQ,FOl7tDs8BJpvHhUZ9lhbG5Cj3oVf9Bz-87I8wMonVrE2Cvpbtq6x1I1dPkFFD3OYEwqRT9OtEoPSPw
2784851136071488,FOl7tDs8BJpvHhUZ9lhbG5Cj3oVf9Bz-87I8wMonVrE2Cvpbtq6x1I1dPkFFD3OYEwqRT9OtEoPSPw
1RMRertckJ5MAZPZH3E4Anfd1dfMflp1sO0TV1DywL5dTCA,ZAyxfmrA1t3DZ6ijedcuuzrUbssoMiFk24_wVxIlMOrJCsk8oerVvywdakaz9AqPchGKVaA_icTkGA
YfZj9MVxsARLpgTXyy_iFdyiWZ2jbnTbXtXOSRPcdV5wX57RkRhPANg9hw,CTr7_hYDtXl99-ISSKbOoFmmQMEx_Hw-KjMYN26Eb66yNrM70aRMiFHEjmLCQMlbGNbs1_lvIP9HLg
woDGSDC5RMdWlFiriNyWNWd2YZa87iFEPPN8Xy_CqO7b3w,LifmFg181peZqYCN0qhwPEJymkbrzp4nbm89H3PVwIvwC3ZxGXuUlqBHQR0brll46HBm-FSUeHxzBg
DvkkLo7HFOx5cOKIOZdm6AORfZmJ_yzSiy3aE0qCkFJEfEvrJa6buwfu_A,cmQByzx_ZWYKoIFNoXgjywmCrn4NHWz_GCg7ZDfx71rIkSrnlFE6YFZVC2IpOST-blBkYc7Kq4xfcQ
DNBi1-8kp9uvATg6DIve0GGPI_N9K_sLt7H31H-EZDpI9Xg,VRaZotxvaDmqUMLIhPSSHBZyY_CBc_OgXaZGzONfI97rgURhpLpBdxxmNCy49MXmkAVM-TS2DT0z2Q
_dycLZs6BTuYaaIOihM5he41YF2jvmmA1Y_53yxN0pmg35s,X_ZxU2bQ-kx7ipxTHqV_ikNMHBjSjJR2CvpFmJrfh0CGSk11TVI2KPnfj6WWLazPpe8AwHsRm0X6mw
sFhepKM1VLAUbnTsPb2P2aCmUP37vLS6UoW-bLePEK36WQ,_IFmVVWbBEWLmJqeTTU1ADA1d50i1TEb3vSOoLdOiFK48AtkJ_PuO4JK5pERWFhJ-ghkebZbmQNHOw
2DKIghI4E3GXtu9Ha2Fktw35ExwJ-b975wbQgABXHZ-k30o,d90KtLZTy9hndGtMrqx53dS7SaROJ3uCC22vjZmT70O8-YiMxvKGGqDrvh2c56ScqsuqzwoYd5lTPg
YBdqzVwVJfe0tmwDluYsaQLlhEisPQb_PX5mx-TpgCMycg,spz1i8P5Ef6P7hSB4A3fX0JYvgCwQS2akOFyMDu0GweoPnhLdJIEFeZ_t5JnY4uHhNThypEmAEyLiw
KRw2Z3F06JcvtMH1Mi9yw5tf9skcf6vXhyZKH1gCmOD1NHIYWV_jWEOa1w,H5YJ7XMalcNc8Zm0l4NHi2UqVkkhKeE1USu7i4Dcg2IJZ_5fie7xhCXXXdQtywvua2EdYL7ajJnrMA
ok-yf55QZYrXujur2_6chDCSHeh7-2u9I6XGy56WxDNctlc,Mi_YrgUezWAvcWKqGvyihjt6_Rz_TtP3ww_G-wJiTsnW-JZIFN9mX1Fbm0m16OEe5ArdOsaM7q2ndw
JFPuS3sTqyW5yytg0M9NKG5S1HMxkcyI2CtErn3Dbvz8Zg,MK8TJbYHnihuWmVdyJb6UmRSEARs6WlAM_Zm3aq9Nr5wezQElbij5YrERvrXKggGion2v95lPvA__g
B83IXGamAnAlBXR3iaSIJ5-PPfKBwRkbsFLrLJOy66Impt_SJBmuI0spOg,wbgjMJwODDuYD-q3nPZQJyv-1z1loqBIvUrvNouuV84WVW2rthDV5WN44YMC4ISHGqPPAXEDHfBZgQ
I-MJRiFYzhXM9oTUrbTQUPXeqIXQBHIBIphOcTvcEKAhCS8,0IKC9CjrevhHjl39NdLwG74e8loYaHBONVhN0TN90XibmZD9zQNUvXGR3cbsWI2kkBsH2oHgwyuxkA
KFoHoSZsYTq9Ij1D5IK7MzNA-Crs-51Sm5MQ78kbBZ-393o,9mDSxMyJrwQnwTw4TU9SZXaIZQjOzqLc4WzD0jacgTT_FcFp4icAtK2G3AqdxqsjOV08Wg3P0cTGFQ
2QykSNeCv7wV3vd8BTJC0Gyt_Tb1ZV4E3X2ySRn2nR_wEbY,Zshz7BmFNsMNS66buc64M3uikGemHruWQf0GF8n4nmd9fLagHkSFUemr0HvC3du3JHbuOYvAHkimpg
dpAJ7X6bZno0jRrHHnKqucYyHrIir2IIWTn0EjROMN28LNQ,vXTjtMYFNOXUYPAGZtQeVfzsYQFKvhv6Fq2-52kCoqPR3HA18Hqcp8vNSTuKF1UKfXudBKYI4XlwHA
Sl-Zzhsf04wGxI5KDvCsSHN2zLPPPKKmqTZdpB7GeKQkCXA,Rt5REDswFb5MatnFd85-avsgaXug7A9QE8eOX3yU4pXZDQIRBIsp1oS4Zm9S9jPUoQB_sBZrYcfC1w
Ka8zTmhFidz4nEo6d5wFdovtwnujIfviMbI4nftvuaVg-eoPaBC2qEGN_g,BA0lguhoeQI7MwNK9Anop5JczzHxfYOoXEQYp1MShSF30ybzN6Sel5ODB30qlAZSmJhyPpBDxkXLyw
gsBiKBxRp0oXV10dYdHbwldfAVWCh6DsBeU1CR9FAPJAsw,-rJ0GvLCJhP0fRkn9UnFh-yrjOPBBdMabii-iohu8AfMiShwq85hfWCkSu_3w6GNCIsSLb_CjJPEfg
o90T8UfoCFvB_yMxdVp9aiR5qewzo_IU2xN3E8Vzq3g2bHXGhnBwPbfaAA,FCbpbVHjQCRL6mk1ujCIvBE4vWswQPCBt0b5oS-QQtCpzhSRMg5tPtehnR5czEfXQT8Kx7lMC3YrpA
Ekwsw3Q2DzEjqIVgFdCQJU5bEtXV6_qexSQf1VnbYIpYHgc,yzCqjIYHE6pidP0ew336dkcZoL9C08UMiuD0Ca8LEDcsRyFYdsKK6yIgRT-r9E81XaL5QSpNSGAV7g
mLdNbid0HRFRPOwFrh6XO_fnb7omYOM5D2h4t6KdaGoR5Mg,Wt-RNfQkDScsVF8OLHRCSjHlhpXyCuIvWEwt5hKxiR0mZbhYAFegDvkSBg8bcL9SeJExThqbtbV8MA
osQX8hQhewL1uop597-DyfscvdmSIYHADKwQzHk7iNmyraVbHk2k4aTgnA,p7ZP2NauygUdqtZC2BRXUFOuNWrMx6F8SAwXXRCGNZJm2kubnYMRsbjDwW86IOD27tdLt4rvo70cyg
3504950412813472,p7ZP2NauygUdqtZC2BRXUFOuNWrMx6F8SAwXXRCGNZJm2kubnYMRsbjDwW86IOD27tdLt4rvo70cyg
mxpia95hOHGVuIXJn2IHSubRIP2RyEk49_4OxQlTBs_-J9NkAgk4H0Qnvw,oKk7wO_e07bJPzS7_WYGL123oZ2bsjjpf2-pdENA5Mg8KPcVJ7nDaYar8XO1ULFq13UCBtudTIwwvA
kqsrpo25bRj3Cpgay-pipd7k-GIIbAWN-SlOqYR6hyNXt0c,_BpHF7IsMt2hKKO4jxShzdGmKnfSbUNVpcwB3JuqbA7SF57FM_Hx4xZMbI5Ly2QhRRRDuB-TNA9WZQ
x17VGsJQJ0QNPWS1aYkg_4RyhXm-gA6tqBYkD9Gr8fleTdA,ABgYHWr-Rd9SHtGm4HvflLsDQTvUUdOKeQlpYX0g0XEXOIMEYGAVPhxBS9hTpplJiVnlju8WWIsajQ
_pJ3rZsPHbNh1knIBeZFhQjPcYVPB7Lv92nFhl8PEVw8-U0,6BuPeu8rm1s2n5DSTjK12gKewK14W7LoRjlGkB0367J-3LYPK_K79yLeu9UfXZ6iB0c3SmzyV3igPQ
101681686,D6Nj00xFetDUy8MU1S84z54fWoceONtJ-6zVnU6UGPUDi6dyTpsBd_WzZPUdcvabHHQrrON4ISG5zg
2qLzRzYGo7hooEUNCQ5vw_apcOJrN8_Dge7RH1X74P3wrD6s,D6Nj00xFetDUy8MU1S84z54fWoceONtJ-6zVnU6UGPUDi6dyTpsBd_WzZPUdcvabHHQrrON4ISG5zg
Uw8i6epN9QcIEM0mcTloXsnZ4ELSrT7ejHhLfsseKV8DLbo,aKfd9qmgxSTJS5orx5irHRlewXQ-SrYDe_8Om2M8vW4oYZM5896l5Nml0mx3Co4yBo8xIsRi3XJG8A
93740793,aKfd9qmgxSTJS5orx5irHRlewXQ-SrYDe_8Om2M8vW4oYZM5896l5Nml0mx3Co4yBo8xIsRi3XJG8A
qFgM0U8fFL-4sQyPs92Ol4VrlP7XhunYRU4ynLhpH87Xqw,YOlRiYgkulKF16fRGMRX8F4Qm-KLlPkwDNjJsdy5vzAwj3e0n6-VXqEFS4Kj0YEReNCMjV6xmvpsIg
XZ0d4DS9iBbTgFryf0VGz1Qb3kfwzhX9HtGifbrbsWcUE-Q,GhgdojirnGPyVzh0EjD6HzqsfPigqTv0tsp8NFhBn58GSwQ3CucwP8VhSdTy1YyGWH33O3jaIl1ZFA
XGzl7UFZj0cJYWncW0BpEqm1r6una7CDRpu_EsKcPBTi3A,5N6rABbLB9HcD-9SU27vIOZa9tzP4F1p0SLyFnWB_ObttFvg84LIpOkSqj3HpsfT59sXmRkP-KyV6g
XpODHVTrVgLsinM1TWiJKzautwn5sf2qnMnVzVq9OfEZQk4,oJ_pdT160p-TT82sXrEuUzMILbuvYq3Lg8wPvt6NRIh_vzVN-wiWu5oACZ2AiRWXkwddiekZBttWJg
EKH375iXLqUqzgrrifne_2xZxJ0nYOTwvp43YVHZa8CIY3k,OtrlhMIr5BgMcIG1JzvvKSvzkDcQtAfaumP9c3D8N_J9mcdmBUju5KzVV7XA48XxZ5-wV9cu3dtNIg
79030691,JKZiev_JhimYdSM6iHaKqxSZLBg2zIqAJEUX_X7yVc79hU588IyIhOtVY9kZ7fgMMRhAwJfdoZueQw
Jx-yZhwDCDSygLsSsHNRekbcGDPfMca9IZ2pqhpb1PRBzN8,JKZiev_JhimYdSM6iHaKqxSZLBg2zIqAJEUX_X7yVc79hU588IyIhOtVY9kZ7fgMMRhAwJfdoZueQw
19623613,4KksP9MEmiG6-Qm26gc_sCqZ7X4Dl_4qHtgsFr7NmuyLdNM9N4tNnaNH4Ns8nDBaYRraSrUXePz22w
_qOhfGpucJYlGXsHGJ50xvle4cEs85X5n3Olov9YWq35HNM,4KksP9MEmiG6-Qm26gc_sCqZ7X4Dl_4qHtgsFr7NmuyLdNM9N4tNnaNH4Ns8nDBaYRraSrUXePz22w
hI4rnDzzNLsDBNXo8VJxdpkrkDNF2IUbV-KDV9L0w36m8Ff7mdUS07H0tQ,zfDiXHwQHx3zPep9yMXGI0_RWPECq_gaXFAx-WxytNQJJmslKCrlixsxTZDHquDlJFfAAtETcPLEWQ
hrYoiDnu9wftT06tWtOwShiuNb8WBeMNs2AxxinPU6cRyMw,iaGER-7SyivOuNmCD0mvaygV0S1TQ4atwBpBEGICES7LyRHxL8pXOm6ALhzEgmVx-xO7D7DAK8XDAw
mE8zm-TC5XXb0pjaf6cQYbHlpAlXYf8LCNIFkVLceGNwKg,mJ0Q6RCxlfxFGou0vsNiJXm-ZEAAsJKdr2KsuOk3geuEuP3XuZZzeFL1myrzqroMnbeYNOGM3uez4g
MyyRZFh007elbPJhSn7vi4TelwQ0GuGR5SKnura700e8KBt3,DJXYbde1S9sJe3doIXN-ICn_RzZrAJ0t5JIDDoudtvxNk6lNB3HjvFAh13FYQ3Sp4qxDDlrQqvIUXQ
rpydFajkmquVLtJhc_ZT1zm-Io17w448CWM667NLoE3CqxU,8fDvdUh2TAK-OjttNgzsGJbyvhfKf1MZ15sdTJqPBbOfUbTyXL-fGV7z_Zxw9Tj7YNeOB6l_em2a9w
3HbIu49egblTbbgyeKBqD2YjnJTEQmHyfYHDZZdTcIrSoWVmHQ_F8cVo2g,ZkJZZkgZgz1t0yE-A7eLB2zrLaSpy2Jn0MrQPuiQBFL3vXhgIOFDLtdD4oqsGLbXy75MehfLkB5hnA
4tixaXLvz66qyoggU7g014X7YWxGeHK6UQaBntBVbWm0uqOE,dps8eCkS4vILq_7ZcfHzkMoYSHmtVaTv0xG-k7qJGsTFKKWcktm5Cp3C5TXDvZdn0EXOTxzNr8ku8w
_kw0cisemQHu319bTuFmEVbxiwe_spu41z9gkG-th92NPNw,vudWbhTfAJHZxT7A0gXhoABU-XveRJVpqhnOmcgCP1VJePwXnvRLvmwfQdOy6MwI6ShrTMf2qS_Q9g
_xX7rTWXAT9BeJel5qM2XL-USgkLAaq2BkqmeTMl-Gey8fEeyb6IlAa6Mw,G-qM_s8J3Nh8SJbBpupWkrillJvI638oW-jgIzHrJMl2aaXrak_XUc8Y-72wCQjNTuUhYdVodbI3og
3tjp0lNvqxzCHfzQ7PSIOdmQQcH1516_sWZI--mZiXZiPsI,fYmjkCEX-JBDqSSErnO8hZi332nyMtvYlebMoBPkhXtaXLbcJg7eNHyuGki6H07zf5xXsrsnMUzwWg
VeOOMPj3rAt8VDrdjprcYP3IFbtN1Ygg_TRGZ4O4vz0fdhk,-QjP9ydzoP-qKUptsreoFmxpYMfvhcp7zL6B5aNsOvQnoqD2RW3RfrSN21sM45tu2DbMsMojQnB6Pg
MwI3J4EbMUjq82CuSX5SUwHD5rEjwphNyJ0WUruGyDLrolc,eZtjgSnl9rwzhvEwu029VM3t7JLNkXkwNtvc86afaeC-tgc0DJKlzDzHwJ8QkJAAXSRbx1RSLgX7vg
FAZsNQHIs__qg5QiTJQFAV6yyRkaiT92lKgEPydFBF9nwyaKrnPPGWtDww,uLZWcCyjPvjOXgfR6PrKUumeorToToAe-FLfhhuKOta_ZgSxVP_kj6pbUly-gkxKZshzyR_OCzNa9A
fWP-lzqni7Zzk8M_oOhyleHTTtRS1U653VQ2JgVmgx3S1F8,42KFtzP4hoS18qcWA5XgRJXqgufl5PABW1RPIs2l8vX_6a1NsRtOx_DcaNgzsVtZVp4HBGW_t6qxHg
DuXh3j3IZ4wvrzpX1bnKnBgemWUF7FdDyw-JLTNhpJ9cw_I,KGH8W4cuF5QUbL4wAyh8_OXtx_bVPh6hoUzIGo-QGZjRckuMlV0SrXNGHS-5sbLuoDn9PnKVTfVHQA
svytunIvpfAsXK-yj2PjUWdhPuhflAtlaEO4poGcWP7QFpM,Zs0eFaDX0rq12ULywdOjZc3uXwbsxXxIhzaqNZ1LRdFxYdVF3a08Fg1WrulyhFdOkmu-ZipdDNV9qw
h6fvVt7aDltlSKyMQcZTOuRMLDsX0fUdCQrxLSgRTTnI55s,3PQYA-n43EbTAa5tjDvcvMGDu6nmUvA85JB1-kQqXkOa59S8tK61dE1wjeror_zU-mJOOGtQQIy74Q
hIEyhA__Ak2rNCZkmZn1N-clXyfMVucOtaSKw950sMw-_dI,4LRE8kb5gRloIjrov63zihqqtm5zEfYAuZ8UvHD0FrL53z_yr6imfflwCIvikeuZrZW9R246AFWdbA
H-hWvA_Ba9M1pYQ_TP72qbD2RtJkal4x-12yLR4r7rQXVYc,Rvmz0n96byTELdH-nsK2p1BFugo3GicAdfAZiJKTt6eJVCuXgaEbHPOHJ1s5-CxMfXad6yOFce9z-g
UA3pp58U3s-wPUunW0gUpwfwmpHpJPyKXQsCp82uIc_XVGw1wCGkur_LfQ,q-9QHRfYMvh2GqQMxg51KWb_SHoc6Vrh3v0wIIeed3BzInHN3dd0OtrUKfI1sawvLcq1OtaiG-822A
haVaQqjRGZebPb54pCLsajsvdHdP_v0ikQMs7iQv5wKJELcG,SOG3wkGLxWaGsKfUPre_sG3g_O_9sj0FT0PD8HZzhGn_YrHDKPjkk8qKlhqqhLD5_QZPYnZaLuid-Q
IyTROtWIxpEVE05ZdfOl5QjmHMPPe0yqQSkuNVBRteUdvZOyCZpMsUdkQg,cBd5PEhEb5me9Lf1Xt75M37t-62UhxQ_SUcnHRj2HbMFtxGH9Z_lqDYs66RSz-R0DpDM-rfsVQOt_Q
mlxgMk1701-WIUjHu9HRnQ61wwJXXrYjG5yV1IDdYBcff5DCuJU-g-H0Vw,-t5_FAFDBXoSJnoHc0tvGchV-SDLLQCs7x-_PqdkfmosPj6H72cmqoYxiCdKvU0WIRHf8psj6KyhJQ
uK6T04m2jW065PE3yf90_yl9jWXzZtXIiL1z2Jc7PhnrZw,HisnqZW6WihM5OPa6j-ClO_OFphksbRj737p4mEwWpwtxCqg7TDCotQ9TT4e0W7M6SsO8gIe-e2eMw
iqTlT1ZoO0IFnGFDM7XoNMEAsITcvIkTP73dvkFvGFUIHRCP2nQy4Vl52Q,rsH9gIKOYs5JsSemNqIVY8mzp_gmy4Eur-lItMO-UuHYBUOT8eC-ZnHNAvpAbyIKAAizQ626OUxpSQ
3bN7h8zpoJOIikT5GtbKbuSeZKxXyTJCQ25fTtPFQE4kWXoLlrQpURgmMw,IiaxzWFGuWK61-nzRu4S5kTPCD6SHAd-2TaBTbu6oQ7Wo7IbujRSE__J9pviLERKto8-3a0_R70keg
2900742377948992,IiaxzWFGuWK61-nzRu4S5kTPCD6SHAd-2TaBTbu6oQ7Wo7IbujRSE__J9pviLERKto8-3a0_R70keg
69MNYNhXAAmNXk7G75NTL__RIpyW0BM9mar7KEiXBXfS6kK6iRZeUo4JVA,YgulghGSvGmU_OdxfsJ6yfyX_SRLiG632zPwtHekppfnJsS8p4QugV2SnWr5gD6jAxl3zkUdZjhiOA
Yk9wmhqAmkpZzFw_BRKLsYkZUpnxovR57b-jWA60lNrxV68V3ukny82FkQ,57PxEZrYMFrTRcJ_GDrgShytiXMQfCJCkOIxAjJkN_TqLdRi6SLubtgmnQLFSxUgnFJzODaVJCUU0g
zWDiQWGL_OOp-xZCw2XaiNaDb4rtdCHuWkGblbDSdI14vA,hsgVaBE9vKJGQC0vnHN0fx7YY38wEDZsU2GBMQMZ3XH0POVwp4RLpE1Kyi7_8cQPElLv0KM0WF1rgg
BHwKKYkWxmf-_fash4IjpE2UsXxE-R073xwF-XjrkQwfg_0,C-JBTj3saFAjZ7KBB2ymv8KI45PednxzXUr-W_PZpyirvlaBi5fZVY9sjAyIiGfEO_dGl5ov6n52sw
CIjMA2fQineKx3hUS2aJ7HYNhc86y52atIXc4YU9KVjfmBo,uLjVW2pBFuiQqJFUPIXOepyp2ydxrqeQbO01c7L-SstEDADiRO2adim2myLWoZ--h5jTJY4ciU8-fw
JJpOP3i_qYg9e6uIbhMTSZwqnuAGWU7DKn8rFIJhT71-OAw,CcdnP2DFzwuCtc6HwLLOq5zqlABzJzdfKGMr8kzMe7Rfa83iQolOeJa7_QTRPuA3EqIfblGmSluFJA
IvMXlwGX5YzZGEoSopJaeBXrP7E_IvPTxLx4VzCuPmGALTCDAdC3ogt01Q,uLVwzSjSUk_LaOr4YhxqJurGOZ4QO7KMOOyjhl2Nl_qeb60cNQ9dWPTmPeTtlsdJBiKEzijbb7Rabw
gmIeVC6prFvXPH-HQIKZSyloIV4ZsWCNnYs0ZWXLrQo3yBQ,w7hLBwazqPfdEr_dHRikjq_feeIdfy73o_RXdHRJjLxGngYZKn3fGCyyofv7OCI7tqRQI6lkuRYu1Q
q6Glj0kWojmB1Am3jqDIt1BBo6urX45zzolzUoSiEyTZ99WUearq39Eq8w,oQASwEk45nPiClcer0a1Nj8PB_8_u3gXKCIFWVLOpWHff_kXVWrAlCGS56ZIPDqk9jYhhCg6XrmNkQ
yGfur-TRqKCE42LWGRq3ee18OVn5bZ18VR-lDEcASkcIQbc,-8Ne_zc_CenLQ8MrzT-PpQWxWWJvJ-eY-U7v5PEzY78-_BSKhr3yY8iuG0zWm6eAWRQBh7J_AcfgEA
Qb1svmZcFzcpefU_OGJi7dg79ClBPeRXTGbVQj0laWHg6A,jmjD9fVrsSjFO8Xg_4UND8AVl3J6vJCXB6psSff4kDF1pZremYQ-o7qSC6CLqJ0p-EYtyt_B0APViw
u91MV4Nvo8lmNRzE75fEAxGajSSbGjLGVELC_A2KXlZnyQ,7XI-rwcFEYkiPi7Drs8hjCcnRIuLrp1PoiEcKlyNV83W5Ds_wvM_vZYb7WS54BiHzX6SV5lvgd0LkQ
MabI5usWdmb0fk3dgqQ0MwW7hNs-4Al7QJ5hBHpGvReJXY8,2TdDeihcVghOdu_RSCSO95qhZkd6lN1nIpZSvxuxZ23cPaiK5iOzpkT9aYazqbCYVvCXLnAjvWlfmg
jZ7PmnD9YU2_J_SV8_vounUyPSFF-sZFTtePuV_sZSYHn2HCyHyJiRD4xw,B4gRk-ULEcO68yGp1ITdgOYKJ5QW0c40jvDs9IvdkTabARTAtsRLebok_IGjdsfGbDwFgNCJ1JiRfg
w0Hkvth1wLQu44SfyuIjQyhRaAPkoLD5VTqFhayJYu53bo0,AR8eU9hcV8Levhw2xUppyDJiCpYDUMFk11ZtHcgxyNwJJ0kGbF5Zxxhu06n1MEtdKIBhkgybilB9OQ
zUfEKaTatEYR5Vny8dNMV5zPeG-8qKCqFs2TtZFzKBmhCQTIf7OzMvw7OA,aN9gvFFVx2z2yW6UrrO_i7MGtzEPK2dqy1cxzB6iwrLerl6WdqgF_IUx5ATi3Jvk5Hf9WWEkA4UAww
Me_W09pbecKnCzLcVzPw2-XcI5reo9g18DcxOaQNc0Ymy9YOUOO6S17qRg,U4yGI5GITxGElLxjBTxLpjb9GwZANHx0Gknfu-SHXqkjXFI16BB4nuDpHgxrUX8B30XPa6SAPTekbA
We3DYfqikpKZ8a7dAfLKHEOU0It6YjgYZDRz5lMusMGb9g,sx4SQo_ntuJl6OXCw3qrmUcZxaNRdTAKFrfHTqa6OumVl8u-Mt7v2YRQQMrH40u27r3ddARhkXVm_Q
9B3GOif7TnQqOeSmKKPRltGr-FqPh4LlBx881SlmbOtoLA5xW22YKQXoKw,rvWasC044WCCntzkBhYiSHn5xLAAhJ2uWKTB6IacTUr69S8EI7A1Gg0lVZQS0CP60bhyvdbhch8NjQ
3971162,ecQ15ro5z7jrTx6wSXDB7UznQaWV8uQKkX6hmEE_q73j2duZa-ytyxJ8_cYTIkRHjZh2J4NdJdopXQ
dN9GvX3OLJKeBRMMshjD24GWuqJrG5CMDq0tcSfIr-B-Gw,ecQ15ro5z7jrTx6wSXDB7UznQaWV8uQKkX6hmEE_q73j2duZa-ytyxJ8_cYTIkRHjZh2J4NdJdopXQ
TWlA8z1N4GOnG-a3G1XYsLWH0czvfucgVvto0EfdD-_tvw,FDyeLcgD2RJty_z23pDSanUhQ2da_Ok9387Rdj8VDj0hH5d9cP582ChClYmLDFWIoqqo-mQCBYW-1A
vw3f88ea_m2HJ5EaDnM-RIIzukgxUuh-rHPs0KGRkdWc-fQ,ZVo3cKPiBbv6mEafG8O2GHgsWxL-nI2YGSTNSiHynE-svsYumTYMEKYM4rR1Q3gpl6k6hvLSU1S8Yw
tpqzH9RVc7NQdktq0p7kLRpCtFrJbm1uwMxbr98yfvGzB5U,zDZWF5E_GUGiefLy3cZRzpWl9qQDkuzLrjXMguJu6XaaFAut0wV6Lfixks8Y5qVNqO75HcsfGpFeFw
RLtIZQGrbrv8k034rMmeiIvzQtO5lrDrjYu0hW66XkP9Sos,kK6JzRr4nGON7actOwK0hnKBXzWYVw_mJ1u6K8ZBHc_8x9_meqoTlLvZir4-UJ_ETtcWvHfqEa3V9Q
-iWVMeOS-Oh-vhkkp3CKQnstUl1Z9PSLH-_RADed5DwZFuk,k65fdBvJ5jqe6rzv5Smog940d3Nnt-IZrrp34gPPL1OTHKsRZxpsMAFYoLqn9IKRjr_Pau3P8aZViQ
uPcehfqk5vWj4g_wjhboD3UyRDvbcdgqHzEW19r6e58c6a8,ZjWytMIUPdhcEDHFAlklyp0E7Rj-rm8fyYbkK9ydnW1wXAyMH5HxiQPOld85mcrL4RA052l3QweQhg
Z-MGfT2n1OZpclB_tDCipnqSk1GhGvgYqEjO2D-0RPcG1Q,eIFQwCsDs2plzAxiqnngtimlIAMXcV1KCF5MFjaYS9tOSDueXaVxvXU0r69YkugzeDPsAeTa71Z71A
LypVi933IcXpy_jAdRcFHhjZdXDNd4ClfePe2qbvXTwhvqA,SuSSS79ZkGyQcG0bLWuJ79RJt4KAJT-D1Wmmpu9GYFqa6Ow9HsTUcC1CPdAA2Hsss0yl-W0R7m2zAg
uenVa0cHwCsklTGXJVA0A4AU5ceUmIMqmq5XHZIwvaSICCRMOsAwkUi_9A,2JhOiUMP5nk9h4XXykqQ8O37XuZyYsilRKkkEziIzDSKnlO2PnPBiwa2YG8IdAO4ELaUf-TVKW6xlQ
CsM9iJrraKTLSyYyCHz2tKbEIc67ncW34Qk7tyoxNxpRx0N7mWkqW8LvmA,iLTpgsiS-IcZzjiEAV-FEwRIczdjw5WRODrv673ek66C4g2v9LLohaC02cKIsFTscap-T-eEvYlTBw
kJNN7ZiHTT-SYs3Q97qpsv5wntSv_IXFetYi70jMNisdVfBji6T2zqP5lw,mjTleAV3zsFu2QwsOqF6eqx4LvBOnOhkrDzkB7sJ5uxrMqmTvwwEWckHds8vSAZo0a2jJJmlOStraA
odIYvc441kKgtocQ6pVbwg0kvF1N0x3XHtSRHZmEfJiPCus,WnvV4pElC9vRYhedlP3se2ns3HI7pndjutzMsvii9HPrLJ4s1ji5lYeIiecE4gB94VeV06j81PNRzw
RH8bjOy9lexHv2FByr6z7VxLFXdZSe53V1HzGRMsx0lbU8Mk5SZIAcg-oA,ORaIRm15Nb118q9WnEq1FfZrCBrtjzyIyZx66Y2-hCp_NP5ZdPcFIEaYetMfL8rZwtT5ASALiTU99g
1iTaVcH1I0RgCcTyAKIeg_I02cgV3lJD4zz3FzpNpGK3847UpzWHdmaUgw,4oiXGs1z8LIfUiiDeQD8qwSogYEiP_x5dRt5hmv7N3uC9n4ACuV_qQrtj1GM6jyJ-hsBN_Byrz-wAQ
3486781548373696,Gx0ri7tYaSPzd84HHcr9qFZ88i--ZVGsUkEyGwguSwguUgitgcEglc7LR8pGl8M2S3rW_7WyyopTZg
Crda_INY162hK9EGiYDPW2nuLhuKGIrt70g8u6lnCZ7XREP0XrldInyE2g,Gx0ri7tYaSPzd84HHcr9qFZ88i--ZVGsUkEyGwguSwguUgitgcEglc7LR8pGl8M2S3rW_7WyyopTZg
2981338543875616,1tAVJV2RtnQ9Pd6kAxjrDIjCTEuiA5vjitAID1DWg1kCiSndomDoOJ-5WG9Z490FNGQVcCbpktFBmQ
A-A0F--bSgHwpq570lsZrE6NKvKLRsz2R8bbe3uMlOl-npy9junRteCZZg,1tAVJV2RtnQ9Pd6kAxjrDIjCTEuiA5vjitAID1DWg1kCiSndomDoOJ-5WG9Z490FNGQVcCbpktFBmQ
1ZshIz8GoXNRsH7HNl3H8piOgGHMGxonpV0-Y5TJni2yIbA,8a_EVE5ih4rhhxGl293PzsfTXTA9JegPYSGdUz4_FbQN4RBKN46rdMCJtqoF3J9emTPqCGr1z9W8qQ
K6tvps4q9Ytt1bZI4fN4ZvZ1c7BPZv8jMOLtL2LQoaYthvVlHYeXOEaOEQ,YIySG1B_dzChpxTr4DyAiSspe4SDKKZTyWNGJR8m7cC2nKXXn7sZebLUKw-5kn5F3Hkp0FmL_Mi7Qw
NCpxaKSvhOLsyjTuqvnQttTTptP2MLDcnNb86JtWJ-OceA,fOteScNFNrUVQXzcLLmGsE5Us6VsbWfUE2N1EdgLMHToUvFXSENTKnTIQ0PMpCDc0wJlYlIRv-A13A
f-ICzjdPN_XdGNCmr4QKQ6lWDKho_QJb5_Oq6oryDuJDBH8,a5itGvt7lY7BzCxcnoXE9on2-yyynCVzPC9IfWpveCchJOsVhiaUs19n6HjKZ-HTu8giKZ04ZrMKKA
5KZgMYGiP6jiBdFBXCUhfXB7sy-rY2PhGrCjecuN5cpZqmnbmmeZw7Yvfg,XWown7prTEzfbaeibkaOSQsVY3xsum2jE9ypcrtl_ZFHeZLF1s8ZNrAJNU_ho1M5qvS9XbhgUdA3aA
myYHVpN-_AeFJ1FQEnJlPwxbT0KPqqK2R09AWgRUCm-FAes,HsHmpxG1H-xQ8ILFgOwroI-9LDlhXxppPpA3_CaTkAraZHk2_IUV0tiSLCStIoUQz3QlCXX26jFNbQ
79050723,HsHmpxG1H-xQ8ILFgOwroI-9LDlhXxppPpA3_CaTkAraZHk2_IUV0tiSLCStIoUQz3QlCXX26jFNbQ
6ZZ3XlM2JSOzxI4UZq9yZN0XCMAStAPzxx7x81X46FSGut8,_7oznK-uhJR_2_qIu03iNfD9tWsBVhtuEjJoR_8ePJ5fDDyWwe2DBuPkum_beLPI2wybnYfyUqsZyQ
zvAWQKF5X6ZDuxC2K19KYiqTV7dm-3_bcDjjfaAfPBSmnMQ,Mkic81jKN29WZiOR0egt6Ma-cNQku1OK8kqCyL25n9tlflc8M1vBBR9SzMrx_nQXRxbJyTN2n1qHLQ
tBHPGLaFpw31_BMG0QLiIrAGPVYlO8cyManXfUShpp2fi48eq5b2hcr0Pw,qd2L2xKvnUmpojj07mtvGy2kYkfAfmBjXBo8CYHAazyFZRyBT1MJPgo8hEhg1YAzaMFA063dGNam1Q
jPG9NnG6y3rx9VmMOcxeBr3cmhphazxEZWektpCC0lQOVbQrfbv2eX3iwg,975II8VH4lw1jPk1ERwCGQ3dH-XXquRN2Tbt6aE23dY7wuwPnvQKa0s3VMi4HxTjZAD2G7IkRMzlVw
h34ifx_v-XMS9RpXfEH5VfD2h7PqwtX0wWTXB7pOvjV-fJg,YK-hEc_cH4wAQAfQGEEoXpC-fEXkW17g4Zj0XikausIDSgxs8DN3_SF5EAg4eKAm0JZRpuYhieJw1Q
KlAmBNMDJIEmyACKvlDmpPCcdJ3y3blimzl_JneGDKjfT6Y,5ECOeUDwhZ9gdILRh97vzFEzvS1PNUVMjvX2JRVgvV0qF9zNFTAqGKGg_oeGCgCyHhgj0g4SzzKBjw
rxYlAxbHMhR7kaaqlRm7Z3mciv_U912YxJR0NMuHrKyiNN0,Vx7tAbNCsGWJGh79rWS2wYHFroXxttslusQtgyCRGWmPetZkNbFKM3pIykezhEKAGRGdxXaas3LnTQ
e3UdgPZcQoRoOFWWzSXRQDUlDOeGewCr7Re4lFDubIUhQg,1DtRoBNZ74l2Wp-CfwYgx8OEcDnWRdW2LBuuevmIWkqD5wOLIQs9YWC4X8m10vVJcZcXo_LvlVsSBA
MVedWzhqI9EOyfycUkPL2oZaT5H9HFgXTVWKQt5nQmA7MPs,O9N7PzFl416qiFvRItqiHAeHYO-wwuYbNPRfvjMbpUzFtaxdjkhxZcwJrkn03-Baa9_RNGEro5-cRg
7AfOG_LkqTYagD8vZGBBDZAO563FKxkGIHJYK28UxEHPP5DM2xNzl94_Jw,HI-0wy0_3Kf3E61sKl00db_uU3IKOZA5sFkrqY-2pWskRM-HXSuZwz8vhN6AzA5yQ1FHfdb5N57gCw
fbuUtXvIQ10QyOriEPHLjzYWB05s4Mq1W2fyccISjGOgCwLCoXDZkdHh0A,S95GCjq6C5YspcEulH7_RhOnzUiv3oHno4WjmGO8G8o1sHjonuD7OlXCvdBlbmQM2IknsmhuSckfjQ
CW_RosL0XzXrw6AhwWJ1-yPNfVX3opYwao6OEvqXk4kqQDTuQ0yzt8mvMA,7jjjQQPbv9PWOdRA8i2B5CgtQ6wkTV-0ESpk_7S2rzfdf0Jfy1iTlmBgXZXqr39xgJIdLcyI7fxMQw
kmxT8FEOAG6khBl9ezr4VbFooIwmOrI5gm_tS8HjuVuyRo0,nPpGdHC2Nv9tDIr5pdvSyvT8QNkfOh7giiie1RANgp-G4I2pckaFD4pRc3gIU9CpbdwCVJ977ue3QA
XVXYiQ5hFQjRzsqgOULk_Ah2wXUJhspIlwdPRA0YQW2UYZFpF7eg4aS8Dg,P1lhnkVmWddCvO5zUj1ocINpLLU1AU4zcHoWFQesOW9No9XA9V8B6YUaDpKbEOtt0eWNz1P-4zWZqw
pZSphA9TlFbwzEtlfr3dnXPgNSPdysn5z4vTnSXehbGThkQ,Qp3t77gyU8-ngM27sZT3cLKDHPZJBJcxjjHMQwfvCJ4DDwW_1GoWox3dNmgL1HUbk0fHXYX-00G_ig
IvgD5gOqBOqrJg9xJrtnfPaymeGFMb9VNRgUyPrP4ZOy6ikgBnn7iH6HWA,bMxCERCV5iTw1_WBJDbgso5kZeoQT6FBszHxAGGoS87VxxVKS4wM0-zZmnvk40tk5SLCrZEiJWvUzA
zPPyhRxM_68-vlPkHNcPz8nexCwNyg8CILKy-bnv2-0vuA,dB5HoRgBBksWkjZ6J50bkxGZU6DBrEm9Ao5rplveS2B7A5QZ-bHS6At2Mq5E7myR0urDGi5PqAmzgw
SEawZZqhO1xJXcf08hq90Qr7n5PN-tY3Gdh6g4PENkRguQ,_OgjhYOE3uIxMA_IIk7KPUxXCZBOidmjUM9SZS6Ld4c0Ee7hARZuKoTY337W2fGC4HoAwULD8n9A0w
Igd0L-lbfV3EPUgsBoDGMkudrZcnIdb48CruujbA9UiPacM,ZeaLebp_n03_7mMU4dw6PjX5H3AXplQCGxUnLbB7FBwFcbDdeTa9Ltsg3MhSYw5KWrCUj2zM1Ij8SQ
wX2F-SkrwDgF6MUgiEOHVN9POWv4aFSAfmADhMCoQxqz0IM,yRwi_pVxiEY89DTYZNx2J7O0CLPtcZTnThN7B_KS8aeqv0a0qz9v6nLwrkyuwFK3aPMMSoB83hAd9A
PzM6zsONxgHVCCDJNOErL8gL5DEGBvop4-3g41NkgPc-8Q,2jkcVPRIB0qf19JeCGHoCLZPOEVFglg3LYm-GFbSYUJ3_W9JXHMouGPm5cnth1kxo2shg7E8LX9T4Q
2DpdcHkw7JPei1iIEkBjfS_5HkpbJQyCIOnSokEdu-Mbma0,NCYA-TfXlZg_KiPN-0pZT7Cl7Mf1ZU659GyBpykFsjYJ5BAWaFjctsbjaROD8-dIVZgO6i2VHhW0pQ
2DpdcHkw7JPei1iIEkBjfS_5HkpbJQyCIOnSokEdu-Mbma0,NCYA-TfXlZg_KiPN-0pZT7Cl7Mf1ZU659GyBpykFsjYJ5BAWaFjctsbjaROD8-dIVZgO6i2VHhW0pQ
-S-EfR_vIc5YWzP8g2WZw1fT8miJ7MfwiQwg048OZj3y-0YK8hUle0aVpw,ROJNivpZR6S5yGq6G8VirERdzA9CJcWHRqp56WyOE_v5mvQy5rbYDVXoE7Kf9F6vAtmSHHRG9reJ0A
OJbDwc32X0H_Lh5oVDkjBFmzTERKrDhV4LXxRYH2ybpSqk6Yt1jcnWxyPw,Kr8ZUEWGuCsRNG7znQpT1qpXP03qS60xTsueJSlPWhx39stw_X8ViE5O7PcbOGOaENUZ3KSbKmzrjQ
I0YX9hi9iuf-45Q_90TE4lMN1nh4dWb_8PVobHvmQb8JZEcF,5W0lfPk9W8Eb3g4n3dq2NvKX5CkvEaM9rY-aob4rovLhiAjMegYiB3G8cglaXYLTjiCbdLI7fC10GA
VNi67_FC1LPd1qwPdEfMleBCnXtndBjOXm2JkUDgWYhfGUQ,IUkaXNFV7THvV68o-FCS8PbnBcwXxTcGp-tuwMyWtpYIqBXljqBpcTxykOK8tmW6_zlB8PLA_tGsGw
74Inp6Ncb4-QiDV8lNYCBb47Y14-dW5wl67NJg5tadaT1XTnoy5RoGRlSA,pNmz_aPe39TZDey2hcOlQUm_mXgWvxeB5JVz7d-IhgmId9mCX-bIEl_xtYCwrxu6WjW0dJqK93KhSw
3QjBjrNTS6wHcLvpsRtsPckLPegvQItmkzF-HjfgzhocenwAm0DMB_khbw,aa_CdACU57Ey7p42iy_I44v56Us1algGiUYyjUaq6hRkmbkH5r3CWzaUwxl5FkUWKdORVgEXVWJ-OQ
7iFnPaPyK00cE-c8UhscPhaHRq0qcXTv-qjeUtFHt18T9Au4HfPfeEedxg,bObCmVzOb4qgO5zcxaO7hkEV3uaQH9nBFB1niTCAz5PAwNiITpq-4OsScCTeLtSLxQOEA6D-Er02Dw
X6B-mo6TK68KWH5OsDjBX3uUvPkGO5UOmHN5m3eQwT10Hw,tfmyE5Y6sXy1YBbit7f1EVwaW1HwTqAIMYZcacCJutf9C6nm5vzr5SRWO4GwuL8820PZn_oGZu9PgA
l_ec_Pmk6j9S3K_OV7jYY8mDTcyTzR6pMEYaj3RDENYQn_0,ATn-xoZulLHQ4F-O5HqjJZBInFPSQ1ftn7z3PUFsBnkcfyjXbqa9pojvRtp6EcS7mB0__r6Kt5lS6w
O1aUzA5dclxK3bsFnw4MTKNtjiKY9TDOM2ivPg_w6DJGyMk,5JT_pM4yXiZ7Yrji0a1U9bp-jBqrIOYJtV1SEU03Z99Kz0zRvO5urKH2ktf0yKludxx1stuMtm-OIg
d4-P4z6V2Itta9QoH5G5-Cv-s_qrKx-4ycZ-7Mw-FUSJPg,VuiNEKKCsc6WkPkpWpkgvgMiUn5cm4AnS5Qiddp11Fk6Kk-aJEgj5A8jZNnFochkp0H32l-j9HQ6fA
TGPI-viLOFXY0cn3g3DMwEmqK2DpZ7nshVdoS4ZPD3_6mw,P7ID6dh10f7_zoVwUttWZuF04xxU6jr1czD9k_6Jwh77VCLYD5CdUqkdVGXXFJi6vuqj-EHSxC0CFA
Y-6I0UYzBU9Ee5jH3MlmGejEmni4FmAeYhKTlN4-6m7nmg,iFwtDkngjyikQ_2-VjWwvVNJx2j0cy8ZhueI2DHs0DMxUnxNRkZfMoF0ALkYwfTxE2IIzuPy8_mRzA
Zpet9b4A4rrx9XsX1_iFef8HEQk8LRhCIkDDF1FaRi06ZglBWeMevC-4nA,7mJjh-qWf9KwXe1khRCQ3qw1QlBMsurSDWCuB6QRJrE44AcMXHUuPYZje_eDeoHW7Ck1pH65szb3_Q
RVAvSAv-KN_k2qTt7kcwGpPYTviPpy-_vijfHwGyFG3rqUY,3BAp0GogaMB9IfGPruwKobmLUs53XOaYaGS1bxd9EWPI-HIwAQPAo6f6UslVN8ixIwvfXsOCmEb1lA
2socRYo_44tIaEhrLlurtlH0RoA9Md34mrAFzjlRVTVaefUFkPR_QdZqUQ,qcRC2WiST5avOcGXH-ohZX83hCqev4DZdWgwG3pHi2oRkd5hmZgX9cDFcFcOn8u5vM2eU8dcw132Mg
dIjEojzI7jD_-zS1K5YPgBj7Dclbsnbx8Y2_sRtivdQCI8g,yerqK5UEge5OJ2_MyX_YLM1L1TpmJAm8rjW4tRbyEvZovkER7yzjxePIrhN-nbj0rL2R7kpQuYFqZw
vREcH7oOf8KyQgVJk9l4Dk-madC9j0-UeVhynazWt0cGXbc,orf0xfcTBTSWjCwtJphG4cH1mrcIkJXwhrYiE-EUjXLvMO0-izJrgoXoozhSWjEU1tmmAvZ9QBQX7Q
nPVh9DCQovPtM0RfqSOd22n3i5cV84iHVMTu8X_mJz5I0bA,vNc1VYkLcPsxW8YSitBlc6tcng1_BdFmZBvfnnHKPjfQoeYNbAIho86nafn2O4LnRVSbtI0bnPpcbA
TITn31DORtyAfr2V0mH6gfNzRSvX9jXVBHSmt5sgjMaHcuzHBX02BVHMpA,vWKG-KA4RIQ78qb6pmVCNfyzoRSEOumHu_VRjWUlYvYL-CtbFY0xkPfTKWxuIBbQMjPGsXbkLqBBpg
jPoOTqy2LDcltbz8V0bQTkKx29TrHAMM-xkPMNEAMAK0fYk,MJDXkZwHbaUdm9-J-yuk8Q-mi3N5r63EtMCYw3e9OBmXG7_ABdyJ437_RyDp25F-yEO52ws51qJAtQ
CK3KSjSz8EKM33hjii-wkfUelD_lUfJOWVOTXBoGq7uqGQ,Eo1pbt4VOfpLYZJ4Kl5PJJCy7lIElHt6ZwqI6e37dcaoA4sPG7uCjVOmlOWvx8U1l9l1TQmp61vKMg
r9AImWE6MVCHxR8_KUE8TDNLWHwFeAhdSPbMgsG5sJQK0AvsuEK-6_UF0w,B7faqHdxCOJAe2yy_fkI77V0Fwkzqz_E3R49_U3Kr9B-GJbFcKoEsdoedaUO318wdP2FrJmIBl5vFQ
R2pjz8rZ2vaTfAWO0ETCUQdr4oU5gLiphrqf0LTZ1GnIlw,sK-5DLmz7wxxE7S07aByOhwrhXF681bFHUMH1LaMQ1G5c5sMXUYfHpnPnTM0nGfMGZl1TyHorhrgeQ
73420387,kTndWCXRCUcyVeqH297G5i3v4KYJ6b-WIRBuQr1MiwP179JxJt0eqiv7d5PI-qRjIBfukrQjfKABDQ
XU8WRNzen9NasOhOEnROUev_KL47-ItGn-nrmFhX8BGZiEM,kTndWCXRCUcyVeqH297G5i3v4KYJ6b-WIRBuQr1MiwP179JxJt0eqiv7d5PI-qRjIBfukrQjfKABDQ
820aI8fQdqrug7-VnJBKnJHmCwsSAb_JttiejO2PhdmgT7tfemP5XBRupQ,J7hwLjNh79gF2VWoAHMiICy-_80no5P8VV8y8F2EvwCj-ebIJvT7fh-EpdesrzpS8Q4qqdzNPNGNNg
5RbHWunxf3H00sQl8x_1b9HoiHQUvdqHEOm88ncV3LSsBOk,295L7y3We4uBwjp9UY1EuU_MlxpEnnK604WmdeMyv_eUrrHNxttDK7T_BWAij_wUUCm7C9Ye0xUGGA
IGgHyXdeWKmp9hREdXhe7NJKwxszwTABJNy9oiS8eAhZeTB0NVbDH2FXLw,9PrqUewNwcjVlK81FkmshZf7C6lGwCTM9aD9M6aoy3v-j8YHkBZ9xRAHCb-io-S3tWIIe_qRQoArQg
